Modification Facto,CO2 case,H2S case
M_lang,2.149444882635398,2.131048091006939
K_lang,0.3034074883077821,0.1697144364732178
M_hen,0.5967769783637252,0.6638607975962588
